{"Logistic Regression": 0.5299261269410523, "SVM": 0.5597014925373135, "Random Forest": 0.6546811397557666, "Gradient Boosting": 0.5799035127393336, "XGBoost": 0.5499773857982814, "Hybrid Model": 0.6048545153022765}